Nombre de producto,Link de imagen,Link de afiliado,Categoría de producto
Bluetti Generador Solar Portátil 600w,https://http2.mlstatic.com/D_Q_NP_2X_634604-MLC111071889147_042026-R-bluetti-generador-solar-portatil-600w-288wh-panel-130w.webp,https://meli.la/2XiWeGa,Tecnología
Calculadora Cientifica Casio Fx-991lacw Classwiz,https://http2.mlstatic.com/D_NQ_NP_2X_632814-MLA99508579782_112025-F.webp,https://meli.la/2owNZ3w,Tecnología
Camara Web Logitech Mx Brio 705,https://http2.mlstatic.com/D_NQ_NP_2X_942438-MLU78719740720_092024-F.webp,https://meli.la/1anHVsC,Escritorio
Teclado Mecánico RK Royal Kludge RKS98,https://http2.mlstatic.com/D_NQ_NP_2X_960080-MLA90356562656_082025-F.webp,https://meli.la/13m8adE,Escritorio
Mouse Logitech Mx Master 4,https://http2.mlstatic.com/D_NQ_NP_2X_938535-MLA95876547844_102025-F.webp,https://meli.la/1bjL7YS,Escritorio
Silla de Oficina Proteo Vidita Ergonómica,https://http2.mlstatic.com/D_NQ_NP_2X_824513-MLA99450353820_112025-F.webp,https://meli.la/1k8zt2w,Escritorio
Monitor Samsung Viewfinity S8,https://http2.mlstatic.com/D_NQ_NP_2X_734364-CBT113814665010_072026-F.webp,https://meli.la/1t1DpUX,Escritorio
Desbrozadora Inalám Einhell,https://http2.mlstatic.com/D_NQ_NP_2X_874161-MLC82171859997_012025-F-desbrozadora-inalam-einhell-professional-gpbc-36430-li-bl.webp,https://meli.la/119ZBjg,Construcción y jardinería
Cortasetos Inalámbrico Einhell,https://http2.mlstatic.com/D_NQ_NP_2X_603423-MLA95936242965_102025-F.webp,https://meli.la/32aViUu,Construcción y jardinería
Tijera De Podar Inalámbrica Einhell,https://http2.mlstatic.com/D_NQ_NP_2X_985209-MLC81891450754_012025-F-tijera-de-podar-inalambrica-profesional-gpls-1828-li-bl.webp,https://meli.la/2hzobyV,Construcción y jardinería
Ahoyador Inalámbrico Einhell,https://http2.mlstatic.com/D_NQ_NP_2X_756897-MLC53803003832_022023-F-ahoyador-inalambrico-gpea-18150-libl-solo-einhell.webp,https://meli.la/22hWCvh,Construcción y jardinería
"Cortadora De Césped Inalámbrica 4x4,0 Ah Einhell",https://http2.mlstatic.com/D_NQ_NP_2X_727934-MLA99461754272_112025-F.webp,https://meli.la/1JYKBEQ,Construcción y jardinería
Maletin apilable Einhell,https://http2.mlstatic.com/D_NQ_NP_2X_656336-MLA107021085325_022026-F.webp,https://meli.la/1ohqMqD,Construcción y jardinería
Hacha Leñadora Tipo Mazo,https://http2.mlstatic.com/D_NQ_NP_2X_640190-MLC118732428995_102026-F-hacha-lenadora-profesional-tipo-mazo-55-lb.webp,https://meli.la/33m8MED,Construcción y jardinería
Pendrive SanDisk Ultra Dual Drive Type-C 256GB,https://http2.mlstatic.com/D_NQ_NP_2X_633354-MLA99935657083_112025-F.webp,https://meli.la/13DL6NG,Tecnología
Set 3 Niveladores + Bolso Milwaukee Mlbxc48,https://http2.mlstatic.com/D_NQ_NP_2X_762974-MLC73261820404_122023-F-set-3-niveladores--bolso-milwaukee-mlbxc48.webp,https://meli.la/2q4EEqU,Construcción y jardinería
Generador Inverter Gasolina Silencioso Lutian,https://http2.mlstatic.com/D_NQ_NP_2X_715463-MLC114088650254_082026-F.webp,https://meli.la/2ebWc4R,Tecnología
Desarmadores Aislados 1000v Milwaukee 10pzas,https://http2.mlstatic.com/D_NQ_NP_2X_609984-MLA99503376942_112025-F.webp,https://meli.la/21cJ1hu,Construcción y jardinería
Kit De Destornilladores Aislados 1000v Bekam,https://http2.mlstatic.com/D_NQ_NP_2X_813775-MLC77568795673_072024-F-kit-de-destornilladores-aislados-1000v-bekam.webp,https://meli.la/1TXLHEi,Construcción y jardinería
Kit De Destornilladores Nappo De Precisión,https://http2.mlstatic.com/D_NQ_NP_2X_630351-MLA99990294567_112025-F.webp,https://meli.la/1dSE4Sb,Construcción y jardinería
Kit De Destornilladores Precisión Electrico,https://http2.mlstatic.com/D_NQ_NP_2X_987350-MLA112316693088_062026-F.webp,https://meli.la/25J2p4n,Construcción y jardinería
Set Juego De Puntas De Impacto Einhell,https://http2.mlstatic.com/D_NQ_NP_2X_977633-MLA99526851638_122025-F.webp,https://meli.la/1Fervx9,Construcción y jardinería
Juego De Dados Metricos 32pzs,https://http2.mlstatic.com/D_NQ_NP_2X_907942-MLU75647055699_042024-F.webp,https://meli.la/1a6R7k6,Construcción y jardinería
Juego De Destornillador Shockwave Impact Duty,https://http2.mlstatic.com/D_NQ_NP_2X_702765-MLA113473751505_062026-F.webp,https://meli.la/1LSK2bJ,Construcción y jardinería
Martillo Mango Fibra Cara Lisa 19 Oz,https://http2.mlstatic.com/D_NQ_NP_2X_784089-MLC116315936604_092026-F-martillo-mango-fibra-cara-lisa-19-oz-48229316-milwaukee.webp,https://meli.la/13L9bSx,Construcción y jardinería
Ulanzi Pl-01 Lt002 Luz Led,https://http2.mlstatic.com/D_NQ_NP_2X_611118-MLU75664940585_042024-F.webp,https://meli.la/1YUPxNE,Grabación y audio
Micrófono Rode Nt1-a 5th,https://http2.mlstatic.com/D_NQ_NP_2X_649690-MLA111822404927_052026-F.webp,https://meli.la/1jHJQ6C,Grabación y audio
Brazo Multifuncional Para Cámaras O Accesorios,https://http2.mlstatic.com/D_NQ_NP_2X_980251-MLC74531886723_022024-F-vijim-ls25-brazo-multifuncional-para-camaras-o-accesorios.webp,https://meli.la/1nshjQd,Escritorio
"Hacha Multiuso Forjada A Mano, Con Funda",https://http2.mlstatic.com/D_NQ_NP_2X_714989-CBT112645658958_062026-F.webp,https://meli.la/2tHXRSZ,Construcción y jardinería
Ulanzi Vl49 Luz Led,https://http2.mlstatic.com/D_NQ_NP_2X_696586-MLC92649152281_092025-F-ulanzi-vl49-luz-led-rgb-camaras-y-telefonos-359-colores.webp,https://meli.la/2LShEVE,Grabación y audio
Tripode Camara Celular Video,https://http2.mlstatic.com/D_NQ_NP_2X_734983-MLA99466000100_112025-F.webp,https://meli.la/1UPvL4j,Grabación y audio
Kingston SXS1000 1TB,https://http2.mlstatic.com/D_NQ_NP_2X_869637-MLA100008507685_122025-F.webp,https://meli.la/1aG9ps8,Tecnología
"Memoria Microsdxc Sandisk, 512gb",https://http2.mlstatic.com/D_NQ_NP_2X_601298-MLA94121220850_102025-F.webp,https://meli.la/2UAkXcA,Tecnología
SanDisk Extreme E61 SDSSDE61-1T00-G25B 1TB,https://http2.mlstatic.com/D_NQ_NP_2X_651187-MLA99880614389_112025-F.webp,https://meli.la/1jcSupZ,Tecnología
Pack de audio Focusrite Studio Scarlett 2i2 4th gen,https://http2.mlstatic.com/D_NQ_NP_2X_952883-MLA99484791928_112025-F.webp,https://meli.la/2sKQ513,Grabación y audio
Mova Lr 10 Prime Arenero Inteligente,https://http2.mlstatic.com/D_NQ_NP_2X_705471-MLC115614698505_082026-F-mova-lr-10-prime-arenero-inteligente.webp,https://meli.la/1URm3eW,Tecnología
Licuadora Detect Power Pro Blendsense Ninja,https://http2.mlstatic.com/D_NQ_NP_2X_958108-MLC111306833046_052026-F-licuadora-2-en-1-detect-power-pro-blendsense-ninja.webp,https://meli.la/1VbpYAn,Cocina
Freidora De Aire Xl Foodi De Doble Zona 10.4l Ninja,https://http2.mlstatic.com/D_NQ_NP_2X_758730-MLA111306303856_052026-F.webp,https://meli.la/2eyvq5x,Cocina
Cafetera Ninja Luxe Café Ninja,https://http2.mlstatic.com/D_NQ_NP_2X_910924-MLC113361499155_062026-F-cafetera-ninja-luxe-cafe-pro-series-3-en-1-ninja.webp,https://meli.la/2YMfXmu,Cocina
Máquina De Bebidas Heladas Slushi Ninja,https://http2.mlstatic.com/D_NQ_NP_2X_724220-MLC109138135836_042026-F-maquina-de-bebidas-heladas-slushi-ninja.webp,https://meli.la/2E9cVmt,Cocina
Máquina De Helado Swirl Nc701eu Ninja,https://http2.mlstatic.com/D_NQ_NP_2X_829878-MLC118274345355_092026-F-maquina-de-helado-swirl-nc701eu-ninja.webp,https://meli.la/2cmb6kt,Cocina
Casco De Soldadura Migvan,https://http2.mlstatic.com/D_NQ_NP_2X_688137-CBT101932364870_122025-F.webp,https://meli.la/2dVHtjq,Construcción y jardinería
Soldadora Multiproceso Compactmig,https://http2.mlstatic.com/D_NQ_NP_2X_957242-MLA109848167870_042026-F.webp,https://meli.la/2bZXZut,Construcción y jardinería
Motosierra Inalámbrica Einhell Gp-lc 36/40,https://http2.mlstatic.com/D_NQ_NP_2X_850598-MLA99980678923_112025-F.webp,https://meli.la/1sm3qKE,Construcción y jardinería
Hidrolavadora Inalámbrica Hypresso,https://http2.mlstatic.com/D_NQ_NP_2X_814588-MLA99976841063_112025-F.webp,https://meli.la/1dRtJMd,Construcción y jardinería
Clavadora Inalámbrica Einhell,https://http2.mlstatic.com/D_NQ_NP_2X_729888-MLC75110606039_032024-F-clavadora-inalambrica-einhell-fixetto-1850-n.webp,https://meli.la/11Uqzmw,Construcción y jardinería
Pulverizador De Presión Inalámbrico,https://http2.mlstatic.com/D_NQ_NP_2X_606633-MLA99925264375_112025-F.webp,https://meli.la/25ptjjA,Construcción y jardinería
Set Mecanico Dados Y Chicharra 92 Pcs,https://http2.mlstatic.com/D_NQ_NP_2X_948779-MLC115252746549_072026-F-set-mecanico-dados-y-chicharra-92-pcs-einhell-workshop.webp,https://meli.la/2xtzRtF,Construcción y jardinería
Sierra Circular Inalámb Einhell,https://http2.mlstatic.com/D_NQ_NP_2X_805602-MLA99929196565_112025-F.webp,https://meli.la/18hv8AL,Construcción y jardinería
Cosechadora De Frutos,https://http2.mlstatic.com/D_NQ_NP_2X_903049-MLA99991144851_112025-F.webp,https://meli.la/1RMQTRE,Construcción y jardinería
Mini Sierra Inalambrica Einhell,https://http2.mlstatic.com/D_NQ_NP_2X_833475-MLA100038055013_122025-F.webp,https://meli.la/2keij8s,Construcción y jardinería
Milwaukee Taladro Percutor M18 Fuel,https://http2.mlstatic.com/D_NQ_NP_2X_860295-MLA99937564411_112025-F.webp,https://meli.la/15dq89v,Construcción y jardinería
Aspiradora Inalambrica Einhell,https://http2.mlstatic.com/D_NQ_NP_2X_813816-MLA95972579753_102025-F.webp,https://meli.la/2RnLXNS,Construcción y jardinería
Sierra Circular Inalámb Einhell,https://http2.mlstatic.com/D_NQ_NP_2X_805602-MLA99929196565_112025-F.webp,https://meli.la/18hv8AL,Construcción y jardinería
Gabinete Porta Herramientas 6 Cajones Mecánica Einhell,https://http2.mlstatic.com/D_NQ_NP_2X_874700-MLC114023530612_072026-F-gabinete-porta-herramientas-6-cajones-mecanica-einhell.webp,https://meli.la/1BE9XAn,Construcción y jardinería
Carpa De Techo Rigida Kalbarri Space Lite Pro,https://http2.mlstatic.com/D_NQ_NP_2X_946205-MLC114961462841_072026-F-carpa-de-techo-rigida-kalbarri-space-lite-pro--san-hima.webp,https://meli.la/1R8STAv,Otros
Termo Botella Térmica Agua Acero Inoxidable Buffer,https://http2.mlstatic.com/D_NQ_NP_2X_699881-MLA99464233084_112025-F.webp,https://meli.la/25KXY3f,Otros
Vaso Termico Buffer Mug Bebidas Calientes,https://http2.mlstatic.com/D_NQ_NP_2X_702882-MLA107717500143_022026-F.webp,https://meli.la/2hiuDXC,Otros
Multifuncional Inalám Einhell Professional,https://http2.mlstatic.com/D_NQ_NP_2X_958623-MLA102784466541_122025-F.webp,https://meli.la/2tSHqUc,Construcción y jardinería
Tijera De Podar Inalámbrica Einhell,https://http2.mlstatic.com/D_NQ_NP_2X_918507-MLA102446621075_122025-F.webp,https://meli.la/1Cqpbs1,Construcción y jardinería
Motosierra Podadora Inalámbrica Einhell,https://http2.mlstatic.com/D_NQ_NP_2X_685558-MLA99906414445_112025-F.webp,https://meli.la/1SqtpTA,Construcción y jardinería
Escarificador Inalám,https://http2.mlstatic.com/D_NQ_NP_2X_927772-MLC101069715657_122025-F-escarificador-inalam-gesc-3635--2-bat-40-y-2-cargadores.webp,https://meli.la/1dqfcfA,Construcción y jardinería
Microondas con Power Defrost,https://http2.mlstatic.com/D_NQ_NP_2X_917620-MLA99932920489_112025-F.webp,https://meli.la/29f2Ydc,Cocina
Audífonos Bluetooth Noise Cancelling Wh-1000xm6 Negro Sony,https://http2.mlstatic.com/D_NQ_NP_2X_723439-MLA99481242716_112025-F.webp,https://meli.la/1Gs9Sb8,Tecnología
Samsung Galaxy Buds4 Pro,https://http2.mlstatic.com/D_NQ_NP_2X_861996-MLA112450857747_052026-F.webp,https://meli.la/1nU7GNv,Tecnología
Camara Insta360 Ace Pro 2 Creator Bundle,https://http2.mlstatic.com/D_NQ_NP_2X_897213-MLA99505401706_112025-F.webp,https://meli.la/1ejiKme,Grabación y audio
Edifier Mr3 Monitores De Estudio Activos,https://http2.mlstatic.com/D_NQ_NP_2X_913537-MLA95695354340_102025-F.webp,https://meli.la/19E3VGL,Escritorio
Almohadilla De Muestreo Roland Spd-sx Pro,https://http2.mlstatic.com/D_NQ_NP_2X_707103-CBT115205559817_072026-F-almohadilla-de-muestreo-roland-spdsx-pro.webp,https://meli.la/2QMxyzZ,Instrumentos
"Pd8 Elec Ic Vdrum Pad, Caucho",https://http2.mlstatic.com/D_NQ_NP_2X_791498-MLC54594096010_032023-F-pd8-elec-ic-vdrum-pad-caucho.webp,https://meli.la/2KWFHjZ,Instrumentos
Paquete De Platillos Zildjian K0800 K,https://http2.mlstatic.com/D_NQ_NP_2X_641254-CBT113314710946_072026-F.webp,https://meli.la/2cXhFG3,Instrumentos
Taladro Professional Inalámbrico Einhel,https://http2.mlstatic.com/D_NQ_NP_2X_841238-MLC116657656259_082026-F-taladro-professional-inalambrico-einhell-tpcd-1850c--bat.webp,https://meli.la/1ZwV6TY,Construcción y jardinería
Dremel Versatip 14 accesorios kit pirograbador soldador,https://http2.mlstatic.com/D_NQ_NP_2X_813143-MLA99852203027_112025-F.webp,https://meli.la/1Hte7MH,Tecnología
Soporte Articulado Mesa,https://http2.mlstatic.com/D_NQ_NP_2X_605216-MLA99643940977_112025-F.webp,https://meli.la/2eZAM6p,Escritorio
Afeitadora Eléctrica Philips,https://http2.mlstatic.com/D_NQ_NP_2X_756759-MLA99980243509_112025-F.webp,https://meli.la/2C7BeRn,Tecnología
Secador Uniq Styler Vibrance Multistyler (8 Accesorios),https://http2.mlstatic.com/D_NQ_NP_2X_735068-MLC118867173855_102026-F-secador-uniq-styler-vibrance-multistyler-8-accesorios.webp,https://meli.la/1ck3XdD,Tecnología
Uniq Flow Multistyler Cepillo Secador 15 Accesorios,https://http2.mlstatic.com/D_NQ_NP_2X_659932-MLA112854679844_072026-F.webp,https://meli.la/24LGsmJ,Tecnología
Afeitadora Oneblade Pro Philips Qp6532/10,https://http2.mlstatic.com/D_NQ_NP_2X_935505-MLC118772690757_102026-F-afeitadora-oneblade-pro-philips-qp653210-peine-12-ajustes.webp,https://meli.la/2NYHJNp,Tecnología
Kit de Transmisor Inalámbrico DJI Mic 2,https://http2.mlstatic.com/D_NQ_NP_2X_636550-MLA99999749389_112025-F.webp,https://meli.la/2YFZA8H,Grabación y audio
Platillos Ligeros Hi-hat De La Serie K De Avedis Zildjian,https://http2.mlstatic.com/D_NQ_NP_2X_927777-CBT80223834240_112024-F.webp,https://meli.la/26u4qDV,Instrumentos
Avedis Zildjian Company K Series Efx Crash Cymbal,https://http2.mlstatic.com/D_NQ_NP_2X_915402-MLC88656488565_072025-F.webp,https://meli.la/2edp8bT,Instrumentos
Lp597 King Klave,https://http2.mlstatic.com/D_NQ_NP_2X_623200-MLC85934699545_062025-F-lp597-king-klave-instrumento-de-percusion-latina.webp,https://meli.la/346d1eR,Instrumentos
Timbal Acero Niquelado Montable 12 Pulgadas,https://http2.mlstatic.com/D_NQ_NP_2X_696700-MLC94042539309_102025-F-timbal-acero-niquelado-montable-12-pulgadas-lp812bn-lp.webp,https://meli.la/1LaZYKP,Instrumentos
Mesa Latin Percussion Lpa521 Lp Aspire Tra,https://http2.mlstatic.com/D_NQ_NP_2X_711004-CBT80995353819_112024-F-mesa-latin-percussion-lpa521-lp-aspire-trap-negra-26-x-16.webp,https://meli.la/1fTFaNB,Instrumentos
Slapstick 18 Pulgadas Lp555,https://http2.mlstatic.com/D_NQ_NP_2X_793791-MLC87637797604_072025-F-slapstick-18-pulgadas-lp555-lp.webp,https://meli.la/1VtHU5F,Instrumentos
Cencerro Timbal Latin Percussion Santana Lp205,https://http2.mlstatic.com/D_NQ_NP_2X_866304-MLU74161160155_012024-F-cencerro-timbal-latin-percussion-santana-lp205.webp,https://meli.la/2jgKwvQ,Instrumentos
Cencerro Montable Latin Percussion Lp 204c,https://http2.mlstatic.com/D_NQ_NP_2X_763500-MLC116045497207_082026-F-cencerro-montable-latin-percussion-lp-204c--abregoaudio.webp,https://meli.la/18Wqaoa,Instrumentos
Instrumentos musicales Latin Percussion LP559Z-PMB Congo,https://http2.mlstatic.com/D_NQ_NP_2X_857428-MLA99928284813_112025-F.webp,https://meli.la/21mwWde,Instrumentos
Tumbadora Latin Percussion LP552Z-PMB,https://http2.mlstatic.com/D_NQ_NP_2X_864745-MLA99455895744_112025-F.webp,https://meli.la/2k3bJFQ,Instrumentos
Efecto Shaker PVC Latin Percussion LP,https://http2.mlstatic.com/D_NQ_NP_2X_954982-MLA99428014462_112025-F.webp,https://meli.la/2gh4V3K,Instrumentos
"Conga de Percusión Latina LP LP826 de 11.34"" con Parche Sintético",https://http2.mlstatic.com/D_NQ_NP_2X_605996-MLA99922583853_112025-F.webp,https://meli.la/2cVi6V8,Instrumentos
Paquete De Platillos Zildjian A391 A Sweet Ride,https://http2.mlstatic.com/D_NQ_NP_2X_729944-CBT114559460199_072026-F.webp,https://meli.la/1AnrGtV,Instrumentos
Conga Portátil Latin Percussion Lp1436,https://http2.mlstatic.com/D_NQ_NP_2X_877068-CBT111878221348_062026-F.webp,https://meli.la/1nU2fPx,Instrumentos
Caja De Bateria Profesional Yamaha 14 Profundidad 5.5 Casco Chocolate Satin,https://http2.mlstatic.com/D_NQ_NP_2X_803674-MLA108187511027_032026-F.webp,https://meli.la/15kB5Dn,Instrumentos
Cámara Instantánea Fujifilm Instax Mini Evo,https://http2.mlstatic.com/D_NQ_NP_2X_775643-MLA99443803866_112025-F.webp,https://meli.la/2dMGNFm,Grabación y audio
Cepillo Dental Eléctrico Oral-b Io9,https://http2.mlstatic.com/D_NQ_NP_2X_953817-CBT117253520555_092026-F.webp,https://meli.la/1M98GeR,Tecnología
Cepillo Dental Eléctrico Oral-b Io9,https://http2.mlstatic.com/D_NQ_NP_2X_892090-CBT117253749917_092026-F.webp,https://meli.la/2U2HWpB,Tecnología
Galaxy Book 6 Pro,https://http2.mlstatic.com/D_NQ_NP_2X_870426-MLC118703375521_102026-F-galaxy-book-6-pro-14-intel-core-ultra-7-16gb.webp,https://meli.la/1RNaeej,Tecnología
Galaxy Book 6 Ultra,https://http2.mlstatic.com/D_NQ_NP_2X_618629-MLA110472060661_042026-F.webp,https://meli.la/1q66rTz,Tecnología
